JavaScript,be run outside of,the browser,T
JavaScript,runs on,every operating system,T
JavaScript,Cascading,Cascading Style Sheets,T
The Mozilla Developer Network,was developed under,the name Mocha,T
modern browsers,implement,JavaScript,T
scripts,run in,a sandbox,T
The Java language,derives much of,C,T
The Java language,derives much of,C++,T
Java applications,are typically compiled to,bytecode,T
The JVM,compiles,code,T
The JVM,optimize,performance,T
The JVM,manages,memory,T
Java,supports,Native Interface,T
Java,is designed to have,few implementation dependencies,T
Java,was originally developed by,James Gosling,T
Java,was originally developed by,Sun Microsystems,T
Java,was released in,a core component,T
Java,was started as,a project,T
computing systems,have installed,running Java programs,T
Java,is compiled into,bytecode,T
bytecode,is then compiled by,native machine code,T
bytecode,is then compiled by,the JVM,T
Java SE,will be released,every six months,T
Java programs,increase,readability,T
Java source code,is compiled to,an intermediate form,T
an intermediate form,can be executed with,the java command,T
Python,incorporates,dynamic data types,T
Python,incorporates,modules,T
Python,incorporates,classes,T
Python,incorporates,exceptions,T
Python,incorporates,dynamic typing,T
Python,combines,remarkable power,T
Python,combines,clear syntax,T
Python,has interfaces to,many system calls,T
Python,has interfaces to,libraries,T
Python,has interfaces to,various window systems,T
Python,has interfaces to,many system calls,T
Python,has interfaces to,libraries,T
Python,has interfaces to,various window systems,T
Python,is extensible in,c,T
Python,is extensible in,c++,T
Python,is also usable as,an extension language,T
Python,runs on,many Unix variants,T
Python,was originally created by,Guido van Rossum,T
Python,supports,multiple programming paradigms,T
Python,features,dynamic type system,T
Python,features,automatic memory management,T
Python,is often used as,other dynamic languages,T
Python,is often used as,a scripting language,T
Python interpreters,are available for,many operating systems,T
Python,comes with,a basic IDE called IDLE,T
easy_install,installing,installing dependencies,T
easy_install,was notable at,the time,T
A simple Python library,uses,C APIs,T
Scrapy,can be used for,testing,T
Scrapy,can be used for,data mining,T
Beautiful Soup,is available for,Python,T
Beautiful Soup,is available for,Python,T
level Python Web framework,encourages,pragmatic design,T
level Python Web framework,encourages,rapid development,T
Flask,provides,monolithic structure,T
Flask,does not enforce,dependencies,T
Tornado,can scale to,open connections,T
web framework,build,web applications,T
the emerging WSGI standard,allows,extensive re-use,T
TurboGears,was created in,Kevin Dangoor,T
Falcon,encourages,architectural style,T
Kivy,supports,multiple platforms,T
Kivy,comes with over,20 widgets,T
PyQT,is available for,Sharp Zaurus,T
PyQT,is available for,Linux,T
PyQT,is available for,Windows,T
PyQT,is available for,Mac OS X,T
Tkinter,is commonly bundled with,Python,T
Tkinter,is popular for,graphical user interface,T
SciPy,includes,algorithms,T
SciPy,includes,tools,T
SciPy,is closely related to,NumPy,T
SciPy,depends on,many NumPy functions,T
matplotlib,provides,API,T
matplotlib,provides,applications,T
Pandas,integrates,matplotlib's plotting capabilities,T
Pandas,integrates,many other libraries' features,T
Pandas,integrates,NumPy's matrix operations,T
Theano,features,automatic differentiation,T
Theano,supports,training,T
Theano,supports,testing,T
Cython,makes,writing C extensions,T
The original PHP project,invented by,Rasmus Lerdorf,T
3v4l,act like,jsfiddle,T
PHP Sandbox,act like,jsfiddle,T
codepad,act like,jsfiddle,T
The PEAR repository,is also possible to download,the documentation,T
PHP,is often paired with,relational database,T
PHP,includes,great database support,T
PECL extensions,offer,NoSQL,T
Packagist,contain many of,popular PHP libraries,T
Android,is designed primarily for,mobile devices,T
Google,has further developed,Android TV,T
Google,has further developed,televisions,T
butterknife otto picassogreendao Android Developers,Contains,the SDK downloads,T
butterknife otto picassogreendao Android Developers,Contains,class reference,T
butterknife otto picassogreendao Android Developers,Contains,tutorials,T
Android Open Source Project,Contains,all necessary information,T
Google developer conference,Contains,videos,T
Google developer conference,Contains,slides,T
Google developer conference,Contains,videos,T
Google developer conference,Contains,slides,T
Android,be found on,the Android Developer site,T
HTML,was invented by,Lee,T
HTML Tags,were first publicly mentioned by,Lee,T
HTML Tags,borrowed,documentation standard,T
HTML elements,form,the building blocks,T
HTML,allows,images,T
HTML,allows,objects,T
HTML,can be used to create,interactive forms,T
HTML,create,structured documents,T
HTML,can embed,scripts,T
HTML standards,are maintained by,Wide Web Consortium,T
HTML markups,are designed,CSS,T
jQuery,simplifies,HTML document traversal,T
jQuery,simplifies,manipulation,T
jQuery,simplifies,event handling,T
jQuery,simplifies,AJAX,T
jQuery,supports,Internet Explorer version,T
jQuery,supports,mobile browser,T
C++,was developed in,the early 1980s,T
C++,was developed in,Bjarne Stroustrup,T
C++ improved type,improved,safety,T
C++ Compiler,optimized,numerical computations,T
the C++ Committee,published,the first international standard,T
adding coroutines GCC C++20 language support,add,command line parameter,T
Clang C++20 language support,add,command line parameter,T
Complex selectors,can be created by joining,multiple simple ones,T
OS,is one of,IBM's operating systems,T
OS,is one of,IBM's operating systems,T
iOS 14.4 beta,released on,December,T
OS X,is based on,OS foundation,T
Each iOS application,own,secure sandbox,T
an iOS application,can have,extensions,T
iOS,is optimized for,graphics,T
iOS,is optimized for,processor,T
iOS,is optimized for,memory constraints,T
Interface control elements,consist of,sliders,T
Interface control elements,consist of,switches,T
Interface control elements,consist of,buttons,T
Interaction,includes,gestures,T
Internal accelerometers,can be used by,applications,T
gyroscopes,can be used by,applications,T
Internal accelerometers,rotating,three dimensions,T
CocoaPods,includes,ten thousand libraries,T
CocoaPods,help,programmers scale projects,T
CocoaPods,does not store,a central list,T
MySQL source code,is available under,the GNU,T
MySQL,offers,standard database driver connectivity,T
standard SQL,is based on,relational algebra,T
DDL,is used to create,tables,T
DDL,is used to create,constraints,T
DML,is used to modify,data,T
vendors,have implemented,dialects,T
vendors,provide,functionality,T
Oracle,use,standard SQL,T
PostgreSQL,use,standard SQL,T
Microsoft SQL Server,uses,SQL,T
R,was created by,Ross Ihaka,T
R,was created by,Robert Gentleman,T
R,is now developed by,the R Development Core Team,T
The R environment,is easily extended through,the Comprehensive R Archive Network,T
The R environment,is easily extended through,a packaging system,T
O runtime,uses,Google's V8 JavaScript engine,T
O runtime,uses,libuv library,T
Node.js,is often used for developing,developing applications,T
Node.js,supports,the CommonJS standard,T
ASP.NET,is built on,the Common Language Runtime,T
ASP.NET,uses,a WebForms style,T
ASP.NET,includes,own controls library,T
HTML helper methods,blend,HTML markup,T
C,is distinct from,C++,T
The C programming language,was based on,CPL.,T
The C programming language,was based on,programming languages B,T
The C programming language,was based on,BCPL,T
The C language,are standardized as,IEC,T
C,was designed for implementing,implementing system software,T
A draft version N2176,is also widely used for developing,portable application software,T
C,has greatly influenced,many other popular programming languages,T
assembly language,was designed to encourage,level capabilities,T
assembly language,was designed to encourage,cross-platform programming,T
C program,can be compiled for,wide variety,T
assembly language,has become available on,microcontrollers,T
Ruby,follows,the popular MVC framework model,T
Ruby,is known for,Rails,T
the MVC Architectural Design Pattern,separates,web applications,T
Ruby,is based on,the MVC Architectural Design Pattern,T
JSON,using,a JSON validator,T
JSON,is defined by,RFC,T
Microsoft SQL Server,originated from,Microsoft SQL Server 4.x codebase,T
Standard components,include,schedulers,T
Standard components,include,database language,T
Standard components,include,replication,T
Standard components,include,storage server,T
Standard components,include,developer tools,T
Standard components,include,ETL tools,T
SQL Server Express,has reduced,engine performance,T
SQL Server Express,has reduced,capacity,T
SQL Server Express,is focused on,runs,T
SQL Server Express,is focused on,an NT service,T
SQL Server Express,is focused on,small deployments,T
SQL Server Compact Edition,focused on,small installations,T
SQL Server Compact Edition,focused on,desktop applications,T
React,has since been made,open source,T
a virtual DOM diff implementation,render on,the server using node.js,T
reactive data flow using props,reduce,boilerplate,T
Swift,distributed as,open source,T
Swift,promises to modernize,the developer experience,T
The Swift syntax,retains,some elements,T
Swift applications,compile into,standard binaries,T
Swift applications,can be run on,OS X,T
Swift,was introduced by,Apple,T
Swift,was introduced by,WWDC,T
Swift,was introduced by,Apple,T
Swift,was introduced by,WWDC,T
Swift,will come to,non-Apple platforms,T
Swift,was introduced by,Apple,T
Swift,was introduced by,WWDC,T
Swift,was introduced by,Apple,T
Swift,was introduced by,WWDC,T
Swift,was introduced with,Xcode,T
Swift,was introduced with,Xcode,T
Swift,was introduced with,Xcode,T
Swift,was introduced with,Xcode,T
C,was created primarily by,the early 1980s,T
C,was created primarily by,company Stepstone,T
C,was created primarily by,Brad Cox,T
C,was created primarily by,Tom Love,T
C,adds,defining classes,T
C,adds,object literals,T
C,derives,C object syntax,T
C,derives,Smalltalk,T
Python,features,simplifications,T
Python,features,improvements,T
Python,is strongly recommended for,any new development,T
Django,is designed to reduce,the effort,T
Django,is designed to reduce,redundancy,T
Django,follows,architectural pattern,T
AngularJS,is used internally by,Google,T
Pipes,are used for transforming,transforming values,T
Pipes,are used for transforming,one form,T
Angular versioning,follows,Semantic Versioning principles,T
General help regarding MS Excel,is available at,Super User,T
MS Excel,features,Visual Basic,T
Regular expressions,provide,a declarative language,T
Regular expressions,are commonly used for,string validation,T
Regular expressions,are commonly used for,transformation,T
the canonical post,contains,links,T
Regular expressions,are available in,programming languages,T
Regular expressions,are available in,dialects,T
Regular expressions,are available in,processing tools,T
BRE,will need,backslashes,T
Regular expressions,are useful in,a wide variety,T
Google,offers,re2,T
Google,does not backtrack,linear runtime growth,T
Native iOS applications,are written in,C,T
Native iOS applications,are written in,Swift,T
Native iOS applications,are written in,C,T
Native iOS applications,are written in,Swift,T
Native iOS applications,using,the Cocoa Touch frameworks,T
Native iOS applications,using,the Cocoa Touch frameworks,T
the Cocoa Touch frameworks,share,many classes,T
the Cocoa Touch frameworks,share,features,T
the Cocoa Touch frameworks,are distinct from,Cocoa,T
Cocoa,is used exclusively for,macOS development,T
The iPhone,has,several hardware features,T
The iPhone,has,sensors,T
The iPhone,use,the Cocoa Touch frameworks,T
iPod touch applications,use,the Cocoa Touch frameworks,T
The iPhone,are developed using,the Xcode IDE,T
The iPhone,use,the Cocoa Touch frameworks,T
Ruby,was initially conceived on,Yukihiro Matsumoto,T
AJAX,uses,asynchronous data exchange,T
Each HTML request,would provide,additional information,T
Each HTML request,would provide,additional information,T
Each HTML request,would provide,data,T
Each HTML request,would provide,data,T
ajax,is supported by,all modern browsers,T
X,stands for,xml,T
json,has replaced,xml,T
json,has replaced,the data interchange format,T
JavaScript,parses,text,T
XML,must be parsed by,cumbersome set,T
the common Unix tools,carry,many basic operating system tasks,T
XML,is defined in,the XML 1.0 Specification,T
XML,allows creating,custom tags,T
XML,is also used in,some protocols,T
Schemas,are usually defined with,an external namespace,T
XML,define,tags,T
XML,is forward compatible with,the Unicode standard,T
Pandas,is implemented primarily using,using NumPy,T
Pandas,is implemented primarily using,Cython,T
The ASP.NET MVC Framework,provides,creating Web applications,T
The ASP.NET MVC Framework,has become,WebForms,T
Microsoft,has shipped,the ASP.NET MVC 4 release,T
Microsoft,has shipped,the Nuget package management system,T
Microsoft,has shipped,the ASP.NET MVC 4 release,T
Microsoft,has shipped,the Nuget package management system,T
MVC3,applies to,MVC4,T
MVC3,applies to,MVC5.x,T
VBA,is not equivalent to,VB.NET,T
VBA,is not equivalent to,VBS,T
Visual Basic,was introduced to,Office,T
Visual Basic,was introduced to,Access,T
Visual Basic,was introduced to,PowerPoint,T
Visual Basic,was introduced to,Word,T
VBA,derives from,the classic Visual Basic programming language,T
VBA,create,independent executables,T
VBA,create,DLLs,T
VBA,create,classic VB,T
VBA,includes,a myriad,T
VBA,address,bit version,T
Applications using VBA,must address,compatibility,T
Applications using VBA,must address,safe issues,T
VBA,was removed from,Office,T
VBA,was removed from,Mac,T
VBA,is supported only in,the desktop application versions,T
VBA,inherits much of,the BASIC programming language,T
The Spring Framework,complements,the Java EE APIs,T
The Spring Framework,reduces,boilerplate code,T
Spring,provides,the application domain,T
An atomic system,must guarantee,atomicity,T
b2,used,PHP,T
b2,used,MySQL,T
Laravel,created by,Taylor Otwell,T
Laravel,intended for,the development,T
MVC framework,released under,The MIT License,T
String representations,vary widely in,the features String representations,T
WPF runtime libraries,are included in,Windows Server,T
WPF,employs,XAML,T
WPF applications,be deployed as,standalone desktop programs,T
WPF,aims to unify,pre-rendered media,T
WPF,aims to unify,typography,T
WPF,aims to unify,common user interface elements,T
WPF,aims to unify,vector graphics,T
WPF,aims to unify,runtime animation,T
Microsoft,has released,six major WPF versions,T
WPF runtime libraries,will be provided by,Microsoft,T
MongoDB,uses,the BSON format,T
MongoDB,uses,storing data,T
MongoDB,uses,the MongoDB Wire Protocol,T
Community Supported Drivers,offer,alternative implementations,T
MongoDB server releases,can be installed via,common packaging systems,T
TypeScript,was developed by,Microsoft,T
PostgreSQL,is developed by,the PostgreSQL Global Development Group,T
Bash,offers,numerous additions,T
C shell,offers,functional improvements,T
the KornShell,offers,functional improvements,T
sh scripts,can be run by,Bash,T
Bash,was written by,Brian Fox,T
Linux installations,should be using,the 4.x family,T
NET,is one of,C#,T
NET,is one of,F#,T
NET,can be viewed as,an evolution,T
NET,can be viewed as,an evolution,T
NET,implemented on,Microsoft,T
NET,continues from,VB6,T
Microsoft,decided to drop,"the \"".NET",T
Git,was initially designed,Linus Torvalds,T
Git,was initially designed,linux kernel development,T
Linus Torvalds,is maintained by,Junio Hamano,T
Every Git working directory,contains,fledged repository,T
Every Git working directory,contains,fledged repository,T
Oracle Database,supports,a large number,T
threads,share,memory,T
threads,share,variables,T
a processor,can create,multiple threads,T
Each thread,has,own stack,T
Each thread,has,variables,T
Each thread,has,ID,T
Amdahl's law,governs,the diminishing amount,T
Eclipse IDE,used for,Java development,T
Eclipse IDE,is built on,an OSGI implementation,T
Eclipse,be used as,a development environment,T
the Eclipse CDT Project,provides,ins,T
the Eclipse CDT Project,provides,C++ development,T
the Eclipse CDT Project,create,C++ development environment,T
the Eclipse CDT Project,supplies,ins,T
the Eclipse CDT Project,supplies,developing Open web standards,T
the Eclipse CDT Project,provides,a plugin,T
the Eclipse CDT Project,provides,PHP development,T
the Eclipse CDT Project,create,a PHP development environment,T
The popular commercial Zend Studio,is also based on,Eclipse IDE,T
PyDev,provides,ins,T
PyDev,provides,Python development,T
the Eclipse CDT Project,provides,a plugin,T
the Eclipse CDT Project,provides,Perl development,T
the Eclipse CDT Project,create,a Perl development environment,T
Google,has ceased developing,the Android Development Tools,T
Eclipse,is synonymous with,the Java IDE,T
Amazon Web Services,are also accessible through,SOAP APIs,T
a good algorithm,may outperform,a poor algorithm,T
a good algorithm,may outperform,large datasets,T
a good algorithm,may outperform,several orders,T
Algorithm performance,is often rated with,Big O,T
A key algorithm classification,is known as,Algorithm Complexity,T
Swift,providing,providing user interface,T
Swift,providing,level services,T
macOS,consists of,kernel,T
Apple,purchased in,NeXT Inc.,T
macOS,is based upon,the NeXTSTEP,T
macOS,is based upon,OpenStep operating systems,T
A web form element,is characterized by,the action,T
Images,are typically rendered as,a two dimensional matrix,T
Scala,fuses,functional programming styles,T
Scala,fuses,programming styles,T
General server help,can be obtained at,Super User,T
Microsoft,publishes,a comparison table,T
Bootstrap,includes,base CSS,T
Bootstrap,includes,HTML,T
Less,was replaced with,Sass,T
Native React,runs,the JavaScript code,T
Native React,runs,a React app,T
Docker,been implemented on,MS Windows,T
Docker,builds,level API,T
docker,runs in,Windows,T
docker,runs in,X,T
docker,runs in,some variety,T
Latency,is often qualified with,a statistical measure,T
R,used in,SQL,T
R,used in,MATLAB,T
scripting language,included with,Microsoft Windows,T
scripting language,included with,Microsoft Windows Server 2008 R2,T
scripting language,included with,Microsoft Windows Server,T
scripting language,included with,Microsoft Windows,T
scripting language,included with,Microsoft Windows Server,T
PowerShell,has,pattern matching,T
PowerShell,has,syntax,T
PowerShell,has,string expansion,T
PowerShell,has,support,T
Windows PowerShell ISE,has,Unicode support,T
Windows PowerShell ISE,is designed around,cmdlets,T
Windows PowerShell ISE,is designed around,line shell,T
Date,returns,the current date,T
keywords,have,short aliases,T
managing system,offer,PowerShell integration,T
PowerShell,takes,the Unix idea,T
Windows components,have been extended to provide,a system management environment,T
Microsoft products,have been extended to provide,a system management environment,T
PowerShell,enhances,piping,T
Windows components,have been extended to provide,native PowerShell,T
Microsoft products,have been extended to provide,native PowerShell,T
parenthesis,separated,comma separated arguments,T
NumPy,be used as,an efficient multi-dimensional container,T
NumPy,be used as,obvious scientific uses,T
NumPy,provides,efficient methods,T
NumPy,integrates easily with,other methods,T
NumPy,is released under,the BSD license,T
SQL syntax,does not guarantee,the domain integrity,T
SQLite,has,a simple implementation,T
SQLite,is commonly used to store,Windows Phone apps,T
the SQLite engine,has,no standalone processes,T
the SQLite engine,has,server database management systems,T
ORM,provides,Relational Mapping,T
The Selenium IDE,provides,playback tool,T
The Selenium IDE,provides,authoring tests,T
Selenium,deploys on,Windows,T
Selenium,deploys on,Linux,T
Selenium,deploys on,Macintosh platforms,T
Selenium,was originally developed by,Jason Huggins,T
Selenium,released under,the Apache 2.0 license,T
Selenium IDE,allows,debugging tests,T
Selenium IDE,is implemented as,a firefox extension,T
Selenium IDE,was previously known as,Selenium Recorder,T
Selenium IDE,was originally created by,Shinya Kasatani,T
Selenium IDE,donated to,the Selenium project,T
Selenium Recorder,allows,debugging tests,T
Selenium Recorder,is implemented as,a firefox plugin,T
Selenium Recorder,was initially created by,SauceLabs,T
Flutter development,is currently supported on,Linux,T
Flutter development,is currently supported on,Mac OS X,T
Flutter development,is currently supported on,Windows operating systems,T
Flutter,is developed,Google,T
Flutter,uses,WebView,T
Flutter,uses,the OEM widgets,T
Flutter,own,performance rendering engine,T
Flutter,offers,engine performance,T
Flutter,offers,fast development experience,T
Flutter,offers,fast runtime,T
SOAP,tries to model,the exchange,T
Qt,is available with,open source licenses,T
Qt,was created by,Trolltech,T
Qt,was acquired by,Nokia,T
Qt,is managed by,the Qt Company,T
Qt,aims at creating,creating Qt applications,T
Qt,can be used to create,regular C++ applications,T
Apache Maven,can manage,a project's build,T
Apache Maven,can manage,reporting,T
Apache Maven,can manage,documentation,T
Apache Maven,adheres to,the principle,T
a global Super POM,defined,common properties,T
Each POM file,inherits from,a global Super POM,T
Android Studio,provides integrated,Android developer tools,T
Vue.js,requires,an intermediate level,T
Vue.js,is mainly used for,end development,T
Vue,embraces,manual updates,T
Vue,can be built upon,increasing Vue functionality,T
URL redirection using mod_rewrite,provide,URLs,T
URL redirection using mod_rewrite,is used by,SEO purposes,T
TensorFlow,provides,a python API,T
TensorFlow,executing,executing data flow graphs,T
TensorFlow,includes,TensorBoard,T
The TensorFlow community,tends to favor,Ubuntu Linux,T
TensorFlow,is released under,an Apache 2.0 License,T
Symfony,refers to,a PHP framework,T
Symfony,aims to speed,maintenance,T
Symfony,replace,repetitive coding tasks,T
Symfony,is aimed at,robust applications,T
Symfony,help,developers test,T
Symfony,help,debug,T
Symfony,help,document projects,T
CodeIgniter,is loosely based on,Controller development pattern,T
Apache Spark,offers,a general execution model,T
Apache Spark,is not tied to,stage mapreduce paradigm,T
Spark,provides,primitives,T
memory cluster computing,allows,user programs,T
Spark,provides,memory cluster computing,T
Spark,can be used to tackle,stream processing problems,T
Apache Spark,provides,concise APIs,T
Apache Spark,provides,java,T
Apache Spark,provides,python,T
Apache Spark,provides,r,T
Apache Spark,provides,scala,T
A date,consists of,year,T
A date,consists of,month,T
A date,consists of,day,T
A date,does not refer to,a specific moment,T
A date,does not refer to,time,T
the Date type,represents,a date,T
the Date type,represents,time,T
Google Chrome,was first publicly released for,a beta version,T
Google Chrome,is available in,53 languages,T
Google Chrome,was first publicly released for,Microsoft Windows,T
Microsoft SQL Server,was based on,sybase ASE code,T
Microsoft SQL Server,was based on,a partnership,T
Perl,runs on over,100 platforms,T
Perl,runs on over,portables,T
Perl,is suitable for,scale development projects,T
Google Maps,provided by,Google,T
OpenCV,provides,a rich API,T
OpenCV,was officially launched by,Intel,T
OpenCV,is now supported by,Itseez,T
OpenCV,saw,a strong acceleration,T
Hypertext Transfer Protocol,uses,response model,T
the request,are made up of,a header,T
the request,are made up of,an optional body,T
response,are made up of,a header,T
response,are made up of,an optional body,T
a header,contains,a list,T
an optional body,contains,a list,T
a request,may have,headers,T
The response,can be sent with,the body,T
a request,needs,a body,T
HTTP,is used by,browsers,T
HTTP,be used for,a soap,T
HTTP,be used for,graphql service,T
HTTP,retrieve,web content,T
Apache Cordova,provides,a JavaScript library,T
Apache Cordova,provides,wrapper,T
Apache Cordova,was originally called,PhoneGap,T
Nitobi,was acquired by,Adobe,T
the PhoneGap code,was donated to,Apache,T
Adobe,contributes to,the original PhoneGap site,T
PhoneGap Build,supports,iOS,T
PhoneGap Build,supports,Android,T
PhoneGap Build,supports,Windows Phone,T
The W3C,standardizes,WSDL,T
A DateTime object,describes,a date,T
A DateTime object,describes,a time,T
A DateTime object,can express,a calendar,T
A DateTime object,can express,time,T
A DateTime object,describes,a date,T
A DateTime object,describes,a time,T
A DateTime object,can express,a calendar,T
A DateTime object,can express,time,T
TIMESTAMP values,represent,a moment,T
TIMESTAMP values,are based on,UNIX time,T
Date objects,are based on,a time value,T
a Date,can be used to manipulate,minutes values,T
Time function,can be used to manipulate,minutes values,T
Matplotlib,provides,API,T
Matplotlib,using,toolkits,T
PDF,using,toolkits,T
PS,using,toolkits,T
EPS,using,toolkits,T
TIFF,using,toolkits,T
JPEG,using,toolkits,T
PGF,using,toolkits,T
SVG files,using,toolkits,T
plot,using,toolkits,T
A layout,defines,the visual structure,T
A layout,is made up of,View,T
A layout,is made up of,ViewGroup,T
Android,provides,a straightforward XML vocabulary,T
a straightforward XML vocabulary,corresponds to,the View classes,T
Cloud services,include,cloud building,T
Objects,have,members,T
Objects,have,methods,T
Classes,can have,own members,T
Classes,can have,methods,T
own members,define,the properties,T
own members,define,abilities,T
methods,define,the properties,T
methods,define,abilities,T
Modern email,operates across,the Internet,T
Modern email,operates across,other computer networks,T
Today's email systems,are based on,forward model,T
Email servers,accept,messages,T
Methods,can access,attributes,T
Spring MVC,stands for,Model View Controller,T
Kotlin,combines,OOP,T
Kotlin,is focused on,tooling support,T
Kotlin,is focused on,interoperability,T
Kotlin,is focused on,safety,T
Kotlin,is focused on,clarity,T
Kotlin,targets,the JVM,T
Kotlin,targets,JavaScript,T
Kotlin,supports,JVM bytecode,T
Kotlin,supports,JavaScript,T
Kotlin,supports,Native code,T
SQL Server,aims to make,tuning,T
SQL Server,aims to make,self organizing,T
GEOGRAPHY,uses,an ellipsoidal model,T
SQL Server,includes,compression features,T
SQL Server,enhanced,the indexing algorithms,T
SQL Server,includes,Resource Governor,T
Resource Governor,allows reserving,workflows,T
Resource Governor,allows reserving,certain users,T
SQL Server,includes,capabilities,T
SQL Server,supports,data definition,T
SQL Server,supports,the ADO.NET Entity Framework,T
SQL Server,supports,the reporting tools,T
SQL Server,supports,replication,T
Dundas Data Visualization,was acquired by,Microsoft,T
SQL Server Reporting Services,includes,the Declarative Management Framework,T
the Declarative Management Framework,allows configuring,configuring policies,T
the Declarative Management Framework,allows configuring,constraints,T
SQL Server Reporting Services,includes,the management side,T
the Declarative Management Framework,allows configuring,the entire database,T
the Declarative Management Framework,allows configuring,certain tables,T
The ISO standard,is withdrawn from,the ISO website,T
database development tool,combines,ACE Database Engine,T
database development tool,combines,a graphical user interface,T
database development tool,uses,ACE database engine,T
database development tool,uses,the Jet,T
an open source project,enables,modular program construction,T
JSP,supports,taglibs,T
taglibs,are backed by,pieces,T
JSP,supports,Expression Language,T
JSP,runs in,producing HTML output,T
JSP,runs in,the web server,T
JSP,don't run in,sync,T
JavaScript,don't run in,sync,T
JSP,has been succeeded by,Java EE,T
JSP,has been succeeded by,Facelets,T
JSP,is not treated in,the Java EE 6 tutorial,T
The ListView control,is used extensively in,the Windows UI shell,T
The ListView control,providing,the display surface,T
The ListView control,is provided by,the Common Controls library,T
The ListView control,can be used by,any application,T
GTK,are implemented as,columnar TreeView,T
A pointer variable,contains,a memory address,T
Pointers,have,performance benefits,T
Windows Communication Foundation,is designed using,architecture principles,T
Services,have,a WSDL interface,T
Windows Communication Foundation,implements,many advanced Web services,T
Framework,provides,routing,T
Framework,provides,RSS Syndication Services,T
An endpoint,has,an address,T
the endpoint,can be accessed,binding properties,T
batch files,are still supported under,Windows,T
Authentication,is different than,Authorization,T
Authentication,allow,access,T
Authentication,happen together to verify,identity,T
authorization,happen together to verify,identity,T
Each authentication factor,covers,elements,T
Elasticsearch,is often combined with,logstash,T
Elasticsearch,is often combined with,kibana,T
stack,has now been renamed,Elastic Stack,T
Elasticsearch,comes with,preprocessing algorithms,T
Official clients,are available in,ruby,T
Official clients,are available in,java,T
Official clients,are available in,javascript,T
Official clients,are available in,c#,T
Official clients,are available in,php,T
Official clients,are available in,python,T
Templates,allow for,generic programming,T
The C++ Book Guide,contains,books treating templates,T
variables,are constrained by,languages,T
variables,are constrained by,a specific data type,T
Data types,share,many commonalities,T
Data types,may vary across,languages,T
Composite data types,consist of,other composite types,T
Composite data types,consist of,the primitive types,T
The specifics,vary,programming languages,T
The specifics,vary,implementations,T
The specifics,vary,programming languages,T
The specifics,vary,implementations,T
Dart,compiles to,modern JavaScript,T
Dart,provides,tools,T
Delphi,originated in,Borland,T
Delphi,is currently owned by,Embarcadero,T
Delphi Prism,is mostly compatible with,Delphi syntax,T
Breakpoints,can display,a message containing program information,T
Breakpoints,can be created using,a debugging tool,T
Breakpoints,can be created using,simple form,T
Visual Studio,comes with,partial C++11 support,T
Nginx,is known for,low resource consumption,T
Nginx,is known for,high performance,T
Nginx,is known for,stability,T
Nginx,is known for,rich feature set,T
Nginx,is known for,simple configuration,T
Haskell,allows,rapid development,T
Char8 module,can be used for,instance,T
Char8 module,can be used for,an efficient representation,T
SSL,is used as,a blanket term,T
SSL,refers to,the Transport Layer Security,T
Netscape Communication Corp,pioneered,primitive security protocol,T
Netscape Communication Corp,pioneered,SSL,T
the HTTP protocol,running over,TLS,T
ISO,is important as,a reference,T
ISO,is not exactly written for,PDF beginners,T
Letters,can be encoded as,raster images,T
Letters,can be encoded as,line art,T
Letters,can be encoded as,vector graphics,T
Letters,can be encoded as,font glyphs,T
a PDF files,contain drawing,drawing instructions,T
Machine learning,revolves around developing,learning computer algorithms,T
Machine learning,explores,the construction,T
Machine learning,explores,study,T
Xamarin,is headquartered in,an engineering office,T
Xamarin,is headquartered in,San Francisco,T
Xamarin,was acquired by,Microsoft,T
the Xamarin Platform,includes,Visual Studio,T
Xamarin,created,the Xamarin Platform,T
The Xamarin Platform,includes,Xamarin.iOS,T
Xamarin,introduced,build host,T
build host,provides,the connection,T
build host,enhances,access,T
JPA,is now considered,the standard industry approach,T
JPA,includes,several improvements,T
purpose OS,was developed by,the late 1960s,T
purpose OS,was developed by,Bell Labs,T
Unix,was developed as,house operating system,T
the free Unix clone Linux,would rise in,the 1990s,T
the Unix,lacks,the trademark,T
Mac OS X.,support,the standardized X Window System,T
Flask,has,exceptional documentation,T
Flask,has,a large number,T
Flask,has,a friendly community,T
Jobs,can be run across,multiple machines,T
Jobs,can be run across,cross-platform software,T
Jenkins,set,a new build slave,T
Jenkins,set,accessible machine,T
Jenkins,supports,a long list,T
Jenkins,support,different source control systems,T
Fragments,represent,reusable behaviors,T
Fragments,represent,portions,T
Fragments,represent,an Android app,T
A Fragment,represents,a behavior,T
A Fragment,represents,a portion,T
Fragments,were first introduced in,Android,T
The ApiDemos sample application present,provides,runnable fragment examples,T
GitHub,offers all of,revision control,T
GitHub,offers all of,source code management,T
GitHub,provides,graphical interface,T
GitHub,provides,desktop,T
GitHub,provides,access control,T
GitHub,provides,collaboration,T
GitHub,offers,plans,T
GitHub,reports having,100 million repositories,T
GitHub,reports having,40 million users,T
Selenium WebDriver,provides,the WebDriver API,T
Selenium WebDriver,provides,controlling browsers,T
Selenium WebDriver,focuses mostly on,user interaction,T
Selenium WebDriver,does allow,direct JavaScript interaction,T
Hadoop,refers to,file system,T
one Name Node,will accept,the requests,T
one Name Node,use,some Data Nodes,T
lots,will share,the processing work,T
lots,will share,some Data Nodes,T
one Name Node,do,some processing,T
one Name Node,use,some Data Nodes,T
Hadoop,works with,other filesystems,T
Hadoop,disposes of,a standalone resource manager,T
A session,refers to,the communication,T
A session,is specific to,the user,T
a new session,is created to track,each user,T
a new session,is created to track,the requests,T
A session,is set,a certain point,T
A session,is set,time,T
A session,torn,a later point,T
A session,torn,time,T
communication session,may involve,one message,T
the communication,consists of,independent requests,T
the communicating parts,needs to save,information,T
any unidirectional transmission,does not define,a session,T
a technology,connects,various kinds,T
a technology,connects,hypertext documents,T
TimBL,proposed,the idea,T
Wide Web was Tim Berners,known as,TimBL,T
web pages,may contain,text,T
web pages,may contain,images,T
web pages,may contain,videos,T
web pages,may contain,other multimedia,T
Ionic Framework,has used,Apache cordova,T
The Ionic Team,are also developing,Capacitor,T
web apps,run natively on,iOS,T
web apps,run natively on,Android,T
web apps,run natively on,Electron,T
web apps,run natively on,the web,T
automation tool,uses,a Groovy DSL,T
ActionScript,is widely used for,desktop applications,T
ActionScript,is widely used for,RIAs,T
ActionScript,is widely used for,mobile apps,T
ActionScript,can be used to create,web programs,T
The Java Servlet,are developed under,the Java Community Process,T
JSP,are developed under,the Java Community Process,T
Java API,are developed under,the Java Community Process,T
Apache Tomcat,is developed in,participatory environment,T
Animation,can be made with,dimensional objects,T
Animation,can be made with,art,T
Animation,can be made with,imagery,T
ggplot2,replaces,basic plot,T
ggplot2,replaces,the lattice package,T
ggplot2,replaces,R's graphics,T
ggplot2,replaces,the lattice packages,T
Amazon,provides,storage,T
Amazon,provides,a simple web services interface,T
Amazon S3,gives,any developer access,T
Amazon,uses to run,inexpensive infrastructure,T
Amazon,uses to run,own global network,T
The cURL project,produces,two products,T
The cURL project,produces,libcurl,T
The cURL project,consists of,a C library,T
The cURL project,consists of,line tool,T
libcurl,has,bindings,T
Heroku,features,a large number,T
Heroku,features,API deployment strategies,T
Heroku,features,a full API,T
Heroku Dev Center,contains,official guides,T
Heroku,allows,safety,T
Heroku,allows,portability,T
Heroku,manage,specific configuration,T
Heroku,uses,the plugin system,T
Heroku,has provided,some gems,T
The Cocoa frameworks,consist of,libraries,T
The Cocoa frameworks,consist of,APIs,T
Internet Explorer,uses,the Trident rendering engine,T
Internet Explorer,uses,the Chakra javascript engine,T
Internet Explorer Mobile,is based on,Internet Explorer,T
Internet Explorer Mobile,made for,ce,T
Internet Explorer Internet Explorer,is assigned,ms,T
Internet Explorer Internet Explorer,is assigned,the w3c,T
Tkinter,runs on,operating systems,T
Tkinter,is based,the toolkit,T
Tk,provides,a native look,T
Tkinter,are included with,all standard Python distributions,T
Tkinter,has,dialogues,T
dialogues,can be used for,interactive dialogues,T
interactive dialogues,can be accessed by,Python,T
interactive dialogues,can be accessed by,import tkinter.simpledialog,T
interactive dialogues,can be accessed by,Python,T
interactive dialogues,can be accessed by,import tkSimpleDialog,T
exceptions,invoking,a handler block,T
exceptions,invoking,routine,T
exception,will propagate,the stack,T
Unhandled exceptions,lead to,abnormal termination,T
software errors,generate,exceptions,T
a class Sub,inherits from,another class,T
a class Sub,inherits from,other object,T
Math,involves,the manipulation,T
Mathematicians,seek,patterns,T
Mathematicians,establish,truth,T
Mathematicians,establish,rigorous deduction,T
mathematics,evolved from,measurement,T
mathematics,evolved from,the use,T
mathematics,evolved from,the systematic study,T
mathematics,evolved from,counting,T
mathematics,evolved from,calculation,T
The SVG format,differs from,raster formats,T
SVG,can be embedded within,html using HTML parsing rules,T
The Windows API,was formerly called,the Win32 API,T
bit Windows programs,interact with,the Windows API,T
The Windows API,is primarily focused on,the C programming language,T
The Windows API,exposed,data structures,T
The Windows API,may be used by,assembler,T
The Windows API,may be used by,any programming language compiler,T
npm,can be used to install,ECMAScript modules,T
npm,can be used to install,commonjs,T
npm,can be used to install,ECMAScript modules,T
npm packages,manage,dependencies,T
npm packages,pass,information,T
npm packages,pass,the package.json file,T
the package.json file,contains,entries,T
idiom,uses,xml configuration files,T
idiom,uses,the mvc pattern,T
merchants,need,an online presence,T
bespoke storefront,does not suit,budget,T
Magento,is aimed at,merchants,T
Magento configuration,can be performed by,minimal technical background,T
Magento,offers,extensive customization,T
Magento,offers,a developer certification program,T
the MVC pattern,is supported by,factory methods,T
Magento data,are based on,Value model,T
Magento,offers,warranties,T
Magento,offers,indemnification,T
Magento,provides,warranty,T
Magento,provides,indemnification,T
Magento,has,benefit,T
image processing techniques,applying,standard signal processing techniques,T
The Document Object Model,defines,the logical structure,T
XML,may represent,the DOM,T
XML,may represent,a string,T
the DOM,was limited in,the distant past,T
image elements,could be referenced with,a hierarchical name,T
a hierarchical name,began with,the root document object,T
Laravel,uses,components,T
Laravel,uses,technics,T
Laravel,utilises,composer,T
Mongoose,written in,JavaScript,T
Mongoose,written in,JavaScript,T
Mozilla Firefox,implements,many web standards,T
Mozilla Firefox,implements,apng,T
Mozilla Firefox,runs on,various operating systems including windows,T
Mozilla Firefox,runs on,various operating systems including windows,T
Mozilla Firefox source code,is licensed under,the Mozilla Public License,T
IntelliJ IDEA,is often simply referred to as,IDEA,T
IntelliJ IDEA,is often simply referred to as,IntelliJ,T
KUBERNETES,can run on,various cloud providers,T
KUBERNETES,can run on,premises,T
KUBERNETES,can run on,bare metal machines,T
KUBERNETES,can run on,various cloud providers,T
KUBERNETES,can run on,premises,T
KUBERNETES,can run on,bare metal machines,T
GCC,includes,an optimizing C compiler,T
GCC,includes,C,T
GCC,includes,front ends,T
GCC,includes,Fortran,T
GCC,includes,Ada,T
GCC,includes,libraries,T
Syslog,was created solely for,Sendmail,T
Matrices,can be added,element,T
Matrices,can be added,element,T
Screen,involves,the programmatic collection,T
OpenGL,gives greatly improved,performance,T
OpenGL,is designed to provide,rendering,T
OpenGL ES,have,es,T
OpenGL ES,have,WebGL,T
WebGL,have,es,T
WebGL,have,WebGL,T
Khronos Group,announced,vulkan API,T
Vulkan,is widely thought of as,the successor,T
IIS,stands for,Internet Information Services,T
IIS,can be used for,problems,T
IIS,be used for,programming problems,T
XML files,can be used,relational database tables,T
XML files,can be used,geographical information systems,T
XSLT syntax,is based on,XML,T
XSLT,borrows,functional languages,T
XSL,is written in,an XML format,T
XSLT,was proposed by,the W3C,T
Adobe Flash,has reached,the EOL,T
Adobe Flash,has reached,Flash content,T
Adobe,has been available for,2.2 mobile devices,T
Flash,updated by,Adobe,T
The JavaFX platform,is built on,Java technology,T
JavaFX,is shipped as,a library,T
XPath,operates on,logical structure,T
XPath,uses,non-XML syntax,T
XPath,operates on,logical structure,T
XPath,gets,XPath name,T
XPath,gets,XPath use,T
XPath,gets,URLs,T
XPath,is now used in,XSLT,T
XPath,is now used in,XPointer,T
XPath,is now used in,other host languages,T
Keras,is also integrated in,the TensorFlow framework,T
Keras,be used from,TensorFlow,T
Web API,was created by,the Microsoft,T
JSON database,provides offline caching,synchronization,T
Apple,running,the iOS operating system,T
iPad applications,are usually written in,C,T
iPad applications,are usually written in,Swift,T
iPad applications,are usually written in,the Xcode IDE,T
Apple,running,the iOS operating system,T
iPad applications,are usually written in,c,T
iPad applications,are usually written in,the Xcode IDE,T
Facebook Graph API,is provided by,the Facebook platform,T
Encryption,been used by,militaries,T
Encryption,been used by,governments,T
Encryption,has long been used,militaries,T
Encryption,has long been used,governments,T
Encryption,facilitate,secret communication,T
Encryption,facilitate,secret communication,T
Encryption,is now commonly used in protecting,protecting information,T
Encryption,is also used to protect,data,T
Encryption,can protect,the confidentiality,T
The Canvas,is commonly used to display,drawings,T
The Canvas,draw,pixel data,T
Visual Studio Code,includes,rich development experiences,T
Visual Studio Code,includes,Git control,T
Visual Studio Code,includes,various extensions,T
Visual Studio Code,is available for,Linux,T
Visual Studio Code,is available for,Windows,T
Visual Studio Code,is available for,Mac,T
Visual Studio Code,has,a rich ecosystem,T
Visual Studio Code,uses,the Blink layout engine,T
The Visual Studio Code team,provides,keymaps,T
The Visual Studio Code team,provides,popular editors,T
JSTL,doesn't support,servlet container,T
Core,is supported by,Microsoft,T
library,provides,level interface,T
gnuplot,works for,Mac,T
gnuplot,works for,Windows,T
gnuplot,works for,Linux,T
gnuplot,works for,other operating systems,T
ArrayList,denotes,an abstract data type,T
ArrayList,represents,the list contents,T
mod_rewrite,can provide,conditional hooks,T
mod_rewrite,can provide,functionality,T
mod_rewrite,can be used to perform,external redirects,T
The applicable C++ Standard Library container class,is called,std,T
CakePHP,uses commonly known,design patterns,T
CakePHP,uses commonly known,the convention,T
CakePHP,uses,design patterns,T
CakePHP,uses,configuration,T
CakePHP,uses,convention,T
CakePHP,comes with,Form tampering protection,T
CakePHP,comes with,injection prevention,T
CakePHP,comes with,tools,T
CakePHP,comes with,input validation,T
CakePHP,comes with,xss prevention,T
CakePHP,comes with,csrf protection,T
Amazon EC2,rent,virtual machine instances,T
Amazon EC2,rent,virtual machine instances,T
Razor,supports,seamless transitions,T
Razor,supports,seamless transitions,T
JDBC,is oriented towards,relational databases,T
Intents,are used extensively within,the Android Platform,T
Microsoft Visual C++,supports debugging,raw assembly code,T
Microsoft Visual C++,supports debugging,a native code,T
Microsoft Visual C++,allows,multiple processes,T
Grails,has,a plugin architecture,T
a plugin architecture,can provide,common web application,T
Google Cloud Platform,provides,store data,T
Google Cloud Platform,provides,cloud computing services,T
Google Cloud Platform,provides,store data,T
Java EE,specifies,client architectures,T
Java EE,uses,profiles,T
Java EE,define,technology sets,T
Java EE,is currently migrating to,level project EE4J,T
Java EE,is currently migrating to,the intent,T
Java EE,is currently migrating to,the Eclipse Foundation,T
Java EE,has been rebranded as,open community process,T
Java EE,has been rebranded as,Jakarta EE,T
Redux,serves as,a centralized store,T
Dijkstra's algorithm,runs in,quadratic time,T
Dijkstra's algorithm,can be shown to run,a fast Fibonacci heap,T
Meteor,is built on,one unifying idea,T
npm,became fully supported,Meteor,T
Xcode,provides,an object model editor,T
WooCommerce,is built in,jquery,T
WooCommerce,is built in,php,T
WooCommerce,is built in,mysql,T
WooCommerce,is built in,javascript,T
WooCommerce,is now owned by,WooCommerce parent company Automattic,T
ViewModel,is used in,frameworks including wpf,T
ViewModel,is used in,all xaml,T
Virtual Machine,can be used as,a scripting language,T
Vim,allows,high efficiency,T
Vim,has,a steep learning curve,T
Vim,allows,many text editing tasks,T
Vim,is available on,a large number,T
Vim,is often called,programmer's editor,T
Vim,is perfect for,all kinds,T
Vim,is perfect for,composing email,T
Cloud Firestore,is integrated into,both Firebase,T
Cloud Firestore,is integrated into,Google Cloud Platform,T
Lambda expressions,are supported in,java,T
Android,does not currently use,java,T
The mysqli PHP extension,provides,level mapping,T
The mysqli PHP extension,provides,MySQL's C interface,T
The mysqli PHP extension,was deprecated in,PHP version,T
mysqli features,provide,an equivalent procedural interface,T
mysqli features,provide,interface,T
Beautiful Soup,can use,standard HTML parser,T
Beautiful Soup,can use,other parsers,T
Beautiful Soup,provides,idiomatic ways,T
Beautiful Soup,works only on,Python 2.x,T
Spring Security,can be used to secure,URLs,T
Spring Security,can be used to secure,method invocations,T
Spring Security,is widely used to secure,REST applications,T
Spring Security,is widely used to secure,standalone web applications,T
Spring Security,is widely used to secure,portlets,T
Spring Security,is released under,an Apache 2.0 license,T
DLLs,can contain,code,T
DLLs,can contain,data,T
DLLs,can contain,resources,T
DLLs,can contain,EXEs,T
NetBeans,refers to,an integrated development environment,T
NetBeans,refers to,a platform framework,T
NetBeans IDE,provides,multiple project windows,T
the NetBeans GUI Builder,has been used to,prototype GUIs,T
the NetBeans GUI Builder,has been used to,customer presentations,T
the NetBeans GUI Builder,provides,static analysis tools,T
NetBeans IDE,includes,a visual debugger,T
NetBeans IDE,has,editors,T
NetBeans IDE,can be installed on,all operating systems,T
NetBeans IDE,is written in,Java,T
The Highcharts library,works in,all modern browsers,T
Apache Kafka Apache Kafka,is used for building,time data pipelines,T
Apache Kafka Apache Kafka,is used for building,streaming apps,T
Apache Kafka,grants,access,T
the Microsoft supplied command line interpreter,supplied,all Microsoft Windows operating systems,T
PDO,works with,database systems,T
PDO,provides,access abstraction layer,T
PDO,does not provide,a database abstraction,T
PDO,doesn't rewrite,SQL,T
PDO,emulate missing,missing features,T
PDO,uses,a DSN,T
PDO,define,the connection,T
PDO,has,connection options,T
connection options,can help,tune,T
A custom exception handler,is recommended to use,unhandled exceptions,T
PDO,has,handy methods,T
The WebSockets protocol,described in,RFC,T
The WebSockets API,has,full browser support,T
Encrypted connections,use,URL scheme,T
Python,provides,data analysis,T
Python,provides,data mining,T
semi-permanent data,operate under,databases,T
that DISTINCT,doesn't have,valid applications,T
A UNION,concatenates,congruent data sets,T
FFmpeg,is published under,the GNU Lesser General Public License,T
The Eloquent ORM,included with,Laravel,T
The Eloquent ORM,provides,simple ActiveRecord implementation,T
The Eloquent ORM,included with,Laravel,T
The Eloquent ORM,provides,simple ActiveRecord implementation,T
C++ Container framework,provides,vectors,T
Maps,may have,multiple keys,T
Java collections framework,provides,hash tables,T
Java collections framework,provides,stacks,T
Java collections framework,provides,sets,T
Java collections framework,provides,queues,T
Java collections framework,provides,lists,T
Java collections framework,provides,hash tables,T
collections,work with,multiple threads,T
C++ Container framework,provides,specialized classes,T
C++ Container framework,provides,data storage,T
C++ Container framework,provides,retrieval,T
language,used for,side scripting,F
language,used for,web browsers,F
JavaScript,be run outside of,the use,F
answer,is expected for,questions,F
an engine,is included in,mainstream web browsers,F
The Mozilla Developer Network,contains,quality documentation,F
The Mozilla Developer Network,is also used in,addition,F
The Mozilla Developer Network,is also used in,environments,F
the language,was officially called,LiveScript,F
the language,shipped in,September,F
the language,shipped in,beta releases,F
the language,was deployed in,the Netscape browser version 2.0B3,F
Netscape adding support,adding,Netscape adding support,F
Netscape adding support,adding,Netscape Netscape Netscape Navigator 2.0 web browser,F
The final choice,caused,name caused confusion,F
The final choice,giving,the impression,F
the choice,has been characterized as,a marketing ploy,F
the term,originated from,Netscape,F
ECMAScript,was developed as,a standardization,F
ECMAScript,was developed as,a standardization,F
people,do not distinguish,JScript variations,F
browsers,implement,the ECMAScript 3 specification,F
the ECMAScript 3 specification,does not contain,functions,F
JavaScript,provide,the potential,F
the DOM,provide,the potential,F
malicious authors,deliver,scripts,F
Browser authors,contain,this risk using two restrictions,F
scripts,perform,actions,F
scripts,perform,a sandbox,F
scripts,are constrained by,origin policy,F
access,sent to,another site,F
code,is executed on,a Web page,F
this tag,used in,conjunction,F
Java,has,level facilities,F
The JVM,manages,the help,F
The JVM,see,collection,F
Java,supports,features,F
code,executes on,one platform,F
Sun Microsystems,merged with,Oracle Corporation,F
Sun Microsystems,merged with,January 27th,F
Java,was started as,June,F
computing systems,have installed,tools,F
The Java platform,features,a wide variety,F
developers,work efficiently with,the Java programming language,F
The main reference implementation,is supported by,major companies including Oracle,F
few computers,can run,Java programs,F
Java apps,own,installers,F
native code,compiled to target,version,F
Java,can be compiled,Java,F
java code,need,a java installer package supplier,F
a supplier,will take,care,F
Java,comes in,LTS,F
Java,comes in,non-LTS versions,F
suppliers,release,all versions,F
all versions,will support,LTS versions,F
The End,dates for,available distribution,F
Java programs,should adhere to,the following naming conventions,F
Java programs,decrease,the chances,F
others,understand,code,F
People,ask about,the following Java topics,F
applications,need,a programmable interface,F
Python,runs on,the Mac,F
a large standard library,covers,areas,F
The language,comes with,a large standard library,F
The Python Standard Library,get,an idea,F
Python,allows,programmers,F
Python,express,concepts,F
Python,has,constructs,F
Guido van Rossum chose Python,chose,Guido van Rossum chose Python,F
Guido van Rossum chose Python,chose,a working title,F
a question,relates to,a specific version,F
Python,is also used in,a wide range,F
party tools,can be packaged into,standalone executable programs,F
source software,has,development model,F
a wide variety,see,Python implementations,F
The philosophy,is succinctly formulated in,The Zen,F
Python,uses,syntax,F
Python,uses,many other languages,F
question,includes,issues,F
question,use,python,F
question,use,python-3.x,F
many beginners,face,canonical duplicate targets,F
many beginners,face,the common questions,F
distributions,come with,pip,F
easy_install,was released in,part,F
A simple Python library,is meant to simplify,many methods,F
connection,pooling are automatically handled to provide,ultimate simplicity,F
an easy Python interface,modify,image files,F
an easy Python interface,modify,many different ways,F
A simple Python library,provide,an easy Python interface,F
websites,structured,data,F
extract,structured,data,F
websites,structured,websites pages,F
extract,structured,websites pages,F
web scraping framework,structured,data,F
Scrapy,can be used for,a wide range,F
Beautiful Soup,creates,tree,F
tree,can be used to extract,parsed pages,F
tree,can be used to extract,data,F
building Python applications,work with,human language data,F
building Python applications,work with,the processing,F
building Python applications,work with,human language data,F
building Python applications,work with,the processing,F
question,has,anything,F
dependencies,allows for,freedom,F
dependencies,allows for,control,F
other applications,require,lived connection,F
web framework,enables,developers,F
source code,is developed in,time,F
A lightweight web framework,combines,ideas,F
the emerging WSGI standard,allows,flexibility,F
the current development,is being led by,Mark Ramm,F
The bottle,has,no dependencies,F
The bottle,is distributed as,a single file module,F
Additional Material Objects,are available via,KivyMD,F
some features,be available in,the free version,F
Tkinter,using,using Tk,F
Tkinter,is popular for,Tkinter simplicity,F
many users,can help,questions,F
inserts,displays,the natural GUI,F
little code,displays,the natural GUI,F
NumPy,contains among,other things,F
a multidimensional array,is used as,the basic data structure,F
a multidimensional array,is used as,SciPy,F
Theano,does on,the interface Python code making Theano,F
the interface Python code making Theano,optimized using,routines,F
Blender,supports,the entirety,F
source machine learning library,written in,Python,F
question,has,anything,F
a Python package,wraps,C,F
The original PHP project,stands for,Today,F
The original PHP project,stands for,the recursive acronym PHP,F
stable release,can be found on,the PHP website,F
development changes,can be found on,the PHP website,F
development branches,can be found on,the PHP website,F
the source code,is available at,PHP's GitHub repository,F
any other Linux PHP,provides,web server,F
these applications,include,other components,F
web server,can be started using,the following command,F
the server,will listen on,port,F
all relevant code,be included in,question,F
all relevant code,be included in,answer,F
All versions,have been announced,end,F
PHP,installed on,machine,F
The PEAR repository,contains,classes,F
the PHP Framework Interop Group,has created,sets,F
PHP,supports,a wide range,F
All modern versions,include,PDO,F
database support,have surfaced,including Apache Thrift,F
database support,have surfaced,MongoDB,F
database support,have surfaced,Redis,F
database support,have surfaced,others,F
party contributions,are,the vast functionality,F
a package management tool,inspired by,npm,F
a package management tool,inspired by,Ruby,F
project dependencies,be specified in,a JSON file,F
Composer,uses,packages,F
Composer,uses,Packagist,F
Packagist,is rapidly growing to contain,popular PHP libraries,F
Software,downloaded with,Composer,F
a number,have been proposed,the PHP Framework Interop Group,F
a number,have been proposed,the PHP Framework Interop Group,F
coding standards,are known as,the PHP Standards Recommendations,F
status,can be found on,FIG Recommendations page,F
status,can be found on,the PHP Standards Recommendations,F
Android,is based on,version,F
Google,Wear,OS,F
Google,has further developed,addition,F
Google,Wear,wrist watches,F
Variants,are also used on,other electronics,F
Variants,are also used on,game,F
Variants,are also used on,digital cameras,F
Variants,are also used on,PCs,F
app,has stopped,problem,F
app,has stopped,app,F
app,has stopped,any other exception,F
specific tags,are used for,developer assistance,F
specific tags,are meant for,libraries,F
butterknife otto picassogreendao Android Developers,Contains,documentation,F
The Google Maps API port,provides,information,F
other Android developer support sites,are,addition,F
Questions regarding HTML,should include,some idea,F
Questions regarding HTML,should include,a minimal reproducible example,F
This tag,is often paired with,javascript,F
This tag,is often paired with,CSS,F
HTML,describes,the structure,F
A browser,renders,HTML,F
conjunction,defines,style,F
conjunction,defines,dynamic elements,F
conjunction,defines,JavaScript,F
HTML Tags,borrowed,the syntax,F
HTML,provides,a means,F
JavaScript,affects,the behavior,F
Web pages,written in,different programming languages,F
the opening tag,includes,a forward slash,F
Various types,can be contained within,these tags,F
Web browsers,read,these documents,F
Web browsers,render,Web browsers,F
iteration,was recently developed by,the W3C,F
W3C,calls,HTML5,F
Standard,is specified by,WHATWG,F
interactive parts,are programmed,JavaScript,F
A question,should be related to,jQuery,F
jQuery,should be used by,the code,F
jQuery,should be used by,question,F
jQuery,related,jQuery usage,F
jQuery,simplifies,animation,F
jQuery,simplifies,API,F
API,works across,browsers,F
jQuery,provides,a platform,F
plugins,extend,jQuery capabilities,F
jQuery,create,plugins,F
The development,is coordinated by,the jQuery Foundation,F
jQuery,supports,the current stable version,F
the preceding version,supports,the current stable version,F
1 version,supports,the current stable version,F
jQuery,supports,addition,F
IE,was dropped by,jQuery 2.x,F
jQuery,provides,download links,F
code,is somehow manipulating,the DOM,F
the DOM,finishes,loading,F
jQuery,provides,ways,F
way,add,jQuery,F
jQuery 3.x,removes,the ability,F
jQuery code,conflicts with,another library,F
many functions,can perform,multiple changes,F
many functions,can perform,one call,F
many functions,can perform,grouping,F
jQuery wrapped variables,wrapped,jQuery wrapped variables,F
mistakes,is to utilize,jQuery,F
the click event handler,was fired,the element,F
mistakes,access,properties,F
the benefits,outweigh,the nominal speed differences,F
the first example,is preferred,comparison,F
the benefits,outweigh,sensitive applications,F
the idiomatic syntax,is robust against,the injection,F
a quote character,close,the attributes,F
a quote character,close,instance,F
a quote character,close,the 2nd example,F
C++,has,a similar syntax,F
C++,was originally designed as,an extension,F
C++,was developed in,a set,F
Building,improved,safety,F
Building,added,added support,F
A question,should be tagged with,c,F
A question,should be tagged with,C++,F
A question,should be tagged with,c++,F
A question,should be tagged with,both c,F
the user,are programming in,C,F
the tags,should be left,such cases,F
a C question,has never been tagged,c++,F
Answers,should be deleted as off,topic,F
the question,had,the C++ tag,F
the first international standard,would be informally known as,C++,F
the C++ Committee,responded to,multiple problems,F
multiple problems,were reported with,c++,F
2011 a new standard,was published in,2011 a new standard,F
2011 a new standard,was published in,IEC,F
compilers,are supporting,the new language features,F
A few features,have been deferred to,the next iteration,F
C++,was approved in,August,F
C++,released in,December,F
C++,released in,the same year,F
C++,adds,major features,F
C++,adds,several minor ones,F
the new standard,was approved,the ISO,F
the new standard,was approved,September,F
the new standard,published in,December,F
2020 the C++ Standard committee completed work,completed,2020 the C++ Standard committee completed work,F
2020 the C++ Standard committee completed work,completed,February,F
new features,been accepted into,the C++,F
new features,have already been accepted,the C++,F
new clocks,requires,expressions,F
new clocks,requires,template constraints,F
a type trait,detect scoped,enumerations Clang C++23 language support,F
A proposal,add,std,F
new features,been accepted into,the C++23 draft,F
new features,have already been accepted,the C++23 draft,F
elements,should be rendered on,paper,F
elements,should be rendered on,screen,F
elements,should be rendered on,speech,F
elements,should be rendered on,other media,F
elements,should be rendered on,paper,F
elements,should be rendered on,screen,F
elements,should be rendered on,speech,F
elements,should be rendered on,other media,F
elements,should be rendered on,paper,F
elements,should be rendered on,screen,F
elements,should be rendered on,speech,F
elements,should be rendered on,other media,F
HTML,deprecated,these attributes,F
The visual presentation,was originally defined by,HTML attributes,F
CSS,was introduced to separate,the control,F
H?kon Wium Lie,proposed,proposed Cascading HTML Style Sheets,F
Lee,had been developing,a web browser,F
Lee,inventing,inventing HTML,F
H?kon Wium Lie,proposed,October,F
a pattern,matches,elements,F
property declarations,define,the presentation,F
Each rule set,starts with,a selector,F
a pattern,matches,a HTML,F
a pattern,matches,XML document,F
a pattern,is followed by,a block,F
The selector,is quasi-identical to,the selector,F
example,illustrates,the cascading element,F
example,illustrates,example,F
the link,will have,a pink background,F
the link,will have,Each rule,F
color,override those from,set,F
decoration properties,override those from,set,F
property value,is applied to,an element,F
Selectors,have,priority,F
selectors,using,a class name,F
selectors,have,priority,F
important annotation,can be used to override,selector precedence,F
specificity,should be used in,preference,F
occurrences,increase,specificity,F
selector,has,specificity,F
a selector,could match,many elements,F
Class selectors,have,specificity,F
classes,will win against,element selectors,F
ID selectors,have,specificity,F
IDs,will win against,class selectors,F
a project,has,multiple large CSS files,F
properties,are applied not only to,the mechanism,F
properties,are applied not only to,element,F
properties,are applied not only to,Inheritance descendants,F
properties,are applied not only to,the mechanism,F
properties,are applied not only to,element,F
properties,are applied not only to,Inheritance descendants,F
descendant elements,inherit,properties,F
Internet Explorer,doesn????t support,this keyword,F
the operating system,powers many of,mobile devices,F
the operating system,powers many of,mobile devices,F
the operating system,be confused with,OS,F
18C66,released on,December,F
Applications,are written for,the Cocoa Touch framework,F
Apple,announced,a new language,F
Apple,announced,June 2nd,F
a new language,could be used to develop,apps,F
Swift,is,September 17th,F
Each iOS application,runs in,iOS,F
extensions,extend,custom functionality,F
an iOS application,can have,iOS,F
extensions,extend,the application,F
iOS,is optimized for,the power,F
Interface,is based on,the concept,F
Interface,is based on,multi-touch gestures,F
Internal accelerometers,rotating,rotating one application,F
one common result,is switching from,portrait,F
one common result,is switching from,landscape mode,F
one common result,is switching from,autorotation,F
Apple,adapted,adapted features,F
Apple,adapted,OS X,F
Many features,were implemented first in,including application sandboxing,F
Many features,were implemented first in,iOS,F
the apple,covers,information regarding iOS development,F
the developer documentation,provided by,the apple,F
an Open Source RDBMS,runs as,a server providing multi-user access,F
MySQL,offers,using MySQL,F
applications,are compatible with,industry standards ODBC,F
applications,are compatible with,JDBC,F
tools,are compatible with,industry standards ODBC,F
tools,are compatible with,JDBC,F
these steps,will help,people,F
Questions,should include,code examples,F
Questions,should include,table structure,F
Questions,should include,sample data,F
Questions,should include,a tag,F
question,relates solely to,a specific DBMS,F
question,uses,features,F
Answers,tagged with,Query Language,F
standard SQL,stands for,Query Language,F
the word relation,is synonymous with,relational algebra,F
the word relation,is synonymous with,the word table,F
Many database implementations,require,the use,F
vendors,have implemented,the years,F
standard SQL,is fractured,these deviations,F
syntax,works on,one implementation,F
standards,have been beneficial in resolving,such situations,F
standards,should be portable to,other databases,F
DBMSs,have,additional languages,F
Oracle,use,procedures,F
Oracle,use,functions,F
PostgreSQL,use,procedures,F
PostgreSQL,use,functions,F
the tags plsql,be used for,problems,F
plpgsql,be used for,problems,F
the mysql tag,should be used for,tags,F
the mysql tag,should be used for,general SQL programming language questions,F
questions,should use,server tag,F
questions regarding MySQL,should use,the mysql tag,F
questions,should use,example,F
these products,exist,the umbrella,F
functionality,is available for,the task,F
these products,tagging,these products,F
MySQL questions,omit,the mysql tag,F
query discussions,stated as,MySQL,F
query discussions,stated as,SQL,F
This tag,should be used for,questions,F
Questions,use,This tag,F
specific questions,received on,Bioconductor Support,F
specific questions,received on,Biostars,F
General questions,are unsuitable for,StackOverflow,F
General questions,may be appropriate for,interest,F
research,determine,appropriate venue,F
question,may be automatically migrated to,appropriate StackExchange site,F
question,is put on,hold,F
question,put on,hold,F
All alternative R engines,have,the goal,F
questions,get tagged with,simple name,F
questions,get tagged with,the r tag,F
tags,mistagged,mistagged R questions,F
developing applications,make,heavy use,F
runtime,uses,Google's V8 JavaScript Engine,F
developing applications,rely on,the ability,F
the CommonJS standard,allows for,development,F
the CommonJS standard,allows for,the distribution,F
the CommonJS standard,allows for,packages,F
ASP.NET,is useful to use,this tag,F
ASP.NET,was first released in,January,F
ASP.NET,was first released in,version,F
ASP.NET,allowing,allowing programmers,F
a model,mimics,event model,F
Microsoft released version,released,Microsoft released version,F
Microsoft released version,released,March,F
the position,can be computed from,index tuple,F
the position,can be computed from,a mathematical formula,F
the length,must be set,some languages,F
myarray,would represent,the first element,F
Elements,are usually specified with,example,F
Elements,are usually specified with,first index,F
the length,would represent,the last element,F
some languages,use 1 as,the initial index,F
Some languages,have,collections,F
Some languages,have,basic arrays,F
Basic arrays,have,size,F
Basic arrays,provide,element access,F
Basic arrays,are supported by,the compiler,F
Collections,have,a wide range,F
Basic arrays,should be used to name,such cases,F
Basic arrays,should be used to name,these basic arrays,F
an array,is known as,example,F
an array,is known as,dimensional array,F
arrays,are called,matrices,F
arrays,are called,other words,F
This tag,should be used with,general questions,F
C,is distinct from,C,F
purpose computer programming language,developed between,the Bell Telephone Laboratories,F
purpose computer programming language,developed between,use,F
purpose computer programming language,developed between,Dennis Ritchie,F
constructs,map efficiently to,typical machine instructions,F
purpose computer programming language,developed between,Dennis Ritchie,F
purpose computer programming language,developed between,the Bell Telephone Laboratories,F
purpose computer programming language,developed between,use,F
applications,been coded in,assembly language,F
applications,had formerly been coded,assembly language,F
purpose computer programming language,provides,constructs,F
purpose computer programming language,developed between,the Bell Telephone Laboratories,F
purpose computer programming language,developed between,use,F
purpose computer programming language,developed between,Dennis Ritchie,F
programming languages,tend to emphasize,data,F
optional library,are standardized as,IEC,F
a C compiler,does not exist,few computer architectures,F
many other popular programming languages,began as,an extension,F
language constructs,require,time support,F
language constructs,map efficiently to,machine instructions,F
many applications,been coded in,assembly language,F
many applications,had formerly been coded,assembly language,F
C program,can be compiled for,few changes,F
assembly language,has become available on,wide range,F
A question,should be tagged with,c,F
A question,should be tagged with,C++,F
A question,should be tagged with,c++,F
A question,should be tagged with,both c,F
the user,are programming in,C,F
the tags,should be left,such cases,F
a C question,has never been tagged,C++,F
Answers,should be deleted as off,topic,F
the question,had,the C++ tag,F
Ruby,is known for,Ruby,F
the MVC Architectural Design Pattern,separates,three different modules,F
rails tag,is particularly appropriate for,questions,F
Questions,be asked on,the appropriate tags,F
JSON,uses,conventions,F
These properties,used instead of,xml,F
These properties,used instead of,These properties,F
These properties,is often used,xml,F
These properties,is often used,These properties,F
Many programming languages,provide,methods,F
JavaScript,includes,example,F
list,defines,six types,F
The JSON format,is based on,two types,F
validation,was added following,the description,F
JSON validation,validate,both current competing JSON standards RFC,F
JSON validation,validate,both current competing JSON standards RFC,F
This extensive library,simplifies,development,F
Microsoft SQL Server,is available in,multiple versions,F
SQL Server,was released on,November 4th,F
Microsoft SQL Server product range,is split broadly into,six categories,F
The primary differences,are licensing,licensing costs,F
The primary differences,are licensing,capacities,F
The primary differences,are licensing,components,F
Other components,include,parallel computation,F
Other components,include,OLAP,F
Other components,include,reporting,F
SQL Server Express,has reduced,functionality,F
SQL Server Express,is free for,distribution,F
SQL Server Express,is free for,use,F
SQL Server Compact Edition,has,functionality,F
SQL Server Compact Edition,has,capacity,F
SQL Server Compact Edition,has,a reduced language,F
Customers,should use,SQL Server Express,F
Customers,should use,LocalDB,F
Microsoft,offers,a comparison table,F
Microsoft,is recommended to use,server tag,F
a JavaScript library,interfaces uses,paradigm,F
a declarative paradigm,makes,a javascript library,F
the components,can be re-rendered individually without,the need,F
the whole page,be repainted by,the browser,F
A user,can update,a particular content,F
A user,can update,re-rendering,F
Current stable version,released on,January,F
Swift,released on,January,F
The language,can use existing,macOS frameworks,F
The language,can sit,side,F
The language,can sit,C,F
The language,can sit,applications,F
Swift,was introduced by,8th June,F
Swift,was introduced by,13th June,F
Swift,was introduced by,the news,F
Swift,was introduced by,5th June,F
Swift,was introduced by,4th June,F
Swift,was introduced with,25th March,F
Swift,was introduced with,20th September,F
Swift,was introduced with,24th March,F
Swift,was introduced with,16th September,F
This tag,should be used only on,questions,F
questions,depend on,code,F
programming language,adds,style messaging,F
C,is now primarily developed by,programming language,F
programming language,adds,the C programming language,F
C,inherits,the syntax,F
C,inherits,primitive types,F
C,adds,syntax,F
C,adds,methods,F
C,has,many powerful features,F
Python,features,the syntax,F
some users,remain on,version,F
some users,remain on,various reasons,F
Python,has reached,End,F
meaning Python,will receive,no further updates,F
meaning Python,will receive,bugfixes,F
Python,has reached,January,F
Python,has reached,Life status,F
Many frameworks,are following,a similar policy,F
question,includes,Python 3.x,F
level python web framework,encourages,rapid development,F
level python web framework,encourages,pragmatic design,F
the non-profit Django Software Foundation,takes,care,F
relational mapper,mediates between,a system,F
relational mapper,mediates between,a relational database,F
relational mapper,mediates between,data models,F
the browser,augment,the HTML vocabulary,F
the browser,augment,directives,F
directives,add,DOM control,F
directives,add,unrolling,F
directives,add,behind DOM,F
directives,add,form validation,F
directives,add,way data binding,F
AngularJS,was developed,Google,F
AngularJS,is used internally by,applications,F
AngularJS,refers to,all 1.x versions,F
tag,be used for,questions,F
versions,include,code names,F
versions,include,release dates,F
versions,include,notes,F
code names,include,code names,F
code names,include,release dates,F
code names,include,notes,F
release dates,include,code names,F
release dates,include,release dates,F
release dates,include,notes,F
Questions,should use,this tag,F
metadata,consists of,styling,F
metadata,consists of,the template,F
metadata,consists of,templateUrl,F
metadata,consists of,the selector,F
application,needs,any value,F
application,needs,function,F
application,needs,feature,F
Angular uses dependency injection,provide,new components,F
Angular uses dependency injection,provide,the services,F
all major versions,feature,some breaking changes,F
specific tags,include,excel,F
specific tags,include,excel,F
specific tags,include,excel,F
specific tags,include,excel,F
specific tags,include,excel,F
specific tags,include,excel,F
specific tags,include,excel,F
specific tags,include,excel,F
Regular expressions,match,patterns,F
all questions,include,a tag,F
Requests,explain,a regular expression pattern,F
Requests,explain,construct,F
this regex mean,contains,details,F
this regex mean,contains,regular expression constructs,F
The term,is typically abbreviated as,regex,F
The term,is typically abbreviated as,RegEx,F
common denominator,recommended for,a tool,F
question,relates to,automata theory sense,F
question,relates to,regular expressions,F
A link,see,link section,F
some representative data,can do,wonders,F
A link,see,attempt,F
issue,been solved by,somebody,F
issue,has already been solved,somebody,F
issue,asking,asking something,F
issue,asking,asking something,F
The following section,outlines,some common recurring topics,F
the tool,are using,using supports,F
the tool,are using,the syntax,F
question,is not specific to,any particular implementation,F
many engines,issue,a warning,F
the regex way,say,the record,F
p,matches,the same string,F
p,matches,expression http,F
Beginners,attempt to use,square brackets,F
Jun,may look like,a regex,F
Jun,may look like,matching months,F
abc,defines,a character class,F
a character class,matches,a single character,F
abc,defines,the record,F
The proper way,express,alternation,F
related dialects,will need,backslashes,F
beginners,will use negated,character classes,F
The proper way,express,many dialects,F
beginners,will use negated,attempt,F
turn,followed by,any single character,F
abc,matches,a single character,F
the character class negation operator,is distinct from,the beginning,F
the engine,will find,the engine,F
The regex a.,will match,the entire string,F
b,will match,the entire string,F
abc,captures,the last occurrence,F
abc,captures,string,F
Common applications,include,data validation,F
Common applications,include,the production,F
Common applications,include,data,F
Common applications,include,data,F
Common applications,include,many other tasks,F
regular expressions,would be useful on,Internet search engines,F
many cases system administrators,can run,queries,F
search engines,do not offer,regex support,F
many cases system administrators,can run,many cases system administrators,F
search engines,do not offer,the public,F
a smartphone,was first launched on,June,F
Native iOS applications,are written in,the release,F
Native iOS applications,are written in,the release,F
questions,are also applicable to,iPod touch devices,F
The iPhone,wear,both tags,F
several hardware features,are accessible to,native applications,F
several hardware features,are accessible to,some cases,F
sensors,are accessible to,native applications,F
sensors,are accessible to,some cases,F
several hardware features,are accessible to,native applications,F
several hardware features,are accessible to,some cases,F
classes,exist in,both Cocoa,F
classes,exist in,Cocoa Touch,F
language,combines,concepts,F
language,combines,Perl,F
language,combines,Smalltalk,F
language,combines,Lisp,F
language,combines,concepts,F
language,supports,multiple programming paradigms,F
language,combines,Smalltalk,F
language,combines,Lisp,F
language,combines,Perl,F
language,combines,concepts,F
language,has,a dynamic type system,F
language,has,automatic memory management,F
language,combines,concepts,F
language,combines,Smalltalk,F
language,combines,Lisp,F
language,combines,Perl,F
language,combines,Smalltalk,F
language,combines,Lisp,F
language,combines,Perl,F
primary purpose,help,every programmer,F
primary purpose,enjoy,programming,F
Ruby,was initially conceived on,February,F
Ruby's mindshare,spiked around,Ruby,F
Ruby,continuing to find,acceptance,F
AJAX,update displayed,information,F
AJAX,uses,API,F
data,was only sent during,the client communication phase,F
Each HTML request,would provide,part,F
Each HTML request,would provide,part,F
This second alternative,used,operations,F
an entire data,reloading,the base page,F
an entire data,set into,the client,F
level API,encapsulate,object,F
level API,providing,interface,F
The client,opens,a new XMLHttpRequest,F
The client,requests,a web page,F
a special page,loads,data,F
This request,is typically aimed at,a special page,F
the code,must handle,the communications layer,F
the client,receives,a packet,F
this callback function,will be called,every time,F
the client,receives,the server,F
many javascript libraries,will handle,this interaction,F
a new API,called fetch,an example,F
question,relates to,programming using Linux APIs,F
computer operating system,consists of,space libraries,F
computer operating system,consists of,programs,F
a system,uses,a monolithic kernel,F
a monolithic kernel,handles,file system access,F
Device drivers,integrated directly with,the kernel,F
Device drivers,are either integrated,the kernel,F
Separate projects,interface with,the kernel,F
The graphical user interface,used by,Linux systems,F
The linux tag,is generally used for,questions,F
Notable questions,be properly tagged as,Unix,F
some features,are specific to,Linux,F
A fair number,tagged with,shell,F
the particular shell,are interested in,bash,F
regarding writing GNU,should be tagged,kernel,F
Distrowatch aggregates,keeps,track,F
XML flexibility,lends to,a wide variety,F
The tags,will be similar to,tags,F
The tags,will be similar to,HTML,F
a language,is very similar to,HTML,F
this way XML,acts like,this way XML,F
this way XML,acts like,language,F
a language,create,other languages,F
The design goals,emphasize,simplicity,F
The design goals,emphasize,generality,F
The design goals,emphasize,usability,F
the design,focuses on,documents,F
the design,is widely used for,the representation,F
XML,has reached,version,F
XML,was introduced in,version,F
XML,has,some unique features,F
the structure,is very similar to,the structure,F
the nodes,being called,tags,F
The following links,provide,additional information,F
the text,serves as,an example,F
The following text,is defined using,entity references,F
The following links,learn about,sgml html xhtml xquery xpath xslt xlink xpointerxml,F
an open source web application framework,implements,pattern,F
tooling,implements,pattern,F
source web application framework,implements,pattern,F
tooling,implements,pattern,F
The ASP.NET MVC Framework,provides,an alternative,F
The ASP.NET MVC Framework,provides,the ASP.NET WebForms Framework,F
The ASP.NET MVC Framework,uses existing,existing ASP.NET features,F
The ASP.NET MVC Framework,has become,initiative,F
The ASP.NET MVC Framework,has become,recent versions,F
mvc releases,tend to package,additional technologies,F
ASP.NET MVC,is based separates,architectural pattern,F
ASP.NET MVC,is based separates,an application,F
The reason,is to provide,overall architecture,F
The reason,is to provide,improving maintainability,F
This concept,is often referred to as,Separation,F
A model,represents,the state,F
a model,maps to,a database table,F
A controller,handles,interactions,F
A controller,handles,updates,F
A model,reflect,a change,F
A controller,passes,information,F
A controller,passes,the view,F
A view,accepts,necessary information,F
A view,renders,a user interface,F
Microsoft,has shipped,the framework,F
Microsoft,has shipped,the framework,F
Microsoft,has shipped,a specific release,F
Microsoft,has shipped,a specific release,F
versions,tied to,a specific version,F
The first thing,apply,all updates,F
The first thing,is open up,the NuGet package manager,F
compatibility,stay with,version jQuery 1.x,F
questions,may refer to,a specific version,F
questions,apply to,versions,F
the question,says,MVC3,F
question,is specifically about programming,any MS Office application,F
programming language,was first introduced by,Microsoft,F
VBA,uses,a subset,F
VBA 6 code,will run equally well on,any host,F
VBA,is still built into,Microsoft Office applications,F
new features,allow,VBA,F
specific object models,are regularly supplemented to support,new functionality,F
several important changes,made to,VBA,F
VBA support,be locked,a security measure,F
VBA support,be locked,network administrators,F
Microsoft returned VBA,returned,Microsoft returned VBA,F
Microsoft returned VBA,returned,Office,F
VBA VBA,has repeatedly replied,a large amount,F
VBA VBA,will be removed altogether from,Office,F
a simple subroutine,generates,a message box,F
a simple subroutine,prints,a message,F
a simple subroutine,prints,the Immediate window,F
Spring,provides,services,F
Spring,provides,functionalities,F
People,ask about,the following Spring topics,F
The data,are typically organized to,model aspects,F
The data,are typically organized to,a way,F
a way,supports finding,a hotel,F
The data,is typically organized to,model aspects,F
The data,is typically organized to,a way,F
A large proportion,rely on,databases,F
database systems,provide,other properties,F
database systems,provide,persistence,F
computer science graduates,cite,Databases database class,F
The term database,be confused with,Database Management System,F
An atomic system,must guarantee,every situation,F
a committed transaction,appears,the outside world,F
any transaction,will bring,the database,F
any transaction,will bring,one valid state,F
Any data,written to,the database,F
the application programmer,might have wanted,all ways,F
any programming errors,result in,the violation,F
the concurrent execution,results in,a system state,F
the effects,be visible to,another transaction,F
Durability,will remain,the event,F
the results,need to be,a relational database,F
the results,need to be,instance,F
transactions,must be recorded in,a non-volatile memory,F
effects,must be recorded in,a non-volatile memory,F
topic questions,include,those about theme development,F
webmasters,have,the flexibility,F
webmasters,have,dynamic presentation,F
WordPress,allows,developers,F
WordPress,allows,WordPress system,F
pieces,can be grouped into,separate executables,F
WordPress,extend,functionality,F
WordPress,should be distinguished from,wordpress.com,F
Questions,asked on,Stack Exchange WordPress Development,F
server configuration,asked on,Stack Exchange WordPress Development,F
practices,asked on,Stack Exchange WordPress Development,F
WordPress,appeared,January,F
WordPress,has since been improved,many times,F
WordPress,has since been improved,updates,F
major release,released on,August,F
WordPress,released on,August,F
The source code,is hosted on,GitHub,F
The source code,licensed under,the terms,F
Laravel,will release,major updates,F
Laravel,will release,version,F
development,is lead by,Taylor Otwell,F
programming languages,provide,a dedicated string data type,F
programming languages,providing,a way,F
programming languages,denote,string literals,F
the right string type,decrease,the order,F
the wrong one,be able to accommodate,string data,F
languages,support,strings,F
languages,support,a list,F
a special string,is getting,Unicode support,F
the complexities,set into,the string type,F
strings,can be iterated,languages,F
string operations,create,new strings,F
some early adopters,transitioned,transitioned form UCS2,F
many encodings,used,text strings,F
modern usage,is converging on,Unicode,F
some early adopters,transitioned,UTF,F
some early adopters,transitioned,a persistence format,F
Windows software,adopts,the WinAPI convention,F
a String,is surrounded by,double quotes,F
a String,is surrounded by,example,F
a String,is surrounded by,C++,F
a String,is surrounded by,Java,F
Framework,used to create,rich client user experiences,F
Runtime languages,define,user interface elements,F
A fundamental aspect,is to separate,the user interface definition,F
developers,work concurrently on,the business logic,F
designers,work concurrently on,the business logic,F
A fundamental aspect,is to separate,the business logic,F
developers,work concurrently on,a single project,F
designers,work concurrently on,a single project,F
UI,rendering,the video hardware,F
UI,rendering,the use,F
computers GPU,frees,the CPU,F
WPF runtime libraries,are included in,all versions,F
WPF applications,hosted as,object,F
WPF applications,hosted as,a website,F
WPF runtime libraries,will be provided by,future,F
nuget packages,known as,App Local,F
nuget packages,known as,order,F
WinUI frameworks,became,December,F
WPF,is starting with,System,F
tool,runs on,macos,F
this tag,should be used only for,questions,F
question,avoid adding,this tag,F
Support questions,may be asked on,Windows,F
Windows,was released on,October,F
Windows,was released to,October,F
Windows,was released to,the market,F
question,use,the tag,F
MongoDB,supports,a large number,F
all versions,released after,October,F
Commercial Licenses,provides,the Aggregation Framework,F
Commercial Licenses,provides,Reduce,F
Commercial Licenses,are also available from,MongoDB MongoDB,F
Commercial Licenses,provides,complex queries,F
Commercial Licenses,offers,a powerful query language,F
Community Supported Drivers,Supported,Community Supported Drivers,F
Community Supported Drivers,offer,support,F
Drivers,are available for,popular programming languages,F
Client Libraries,are available for,popular programming languages,F
Community Supported Drivers,offer,further programming languages,F
The current production release series,take,advantage,F
the Security section,includes,a MongoDB Security Checklist,F
Inc.,provides,archives,F
the company,develop,related tools,F
the company,develop,services including MongoDB Cloud Manager,F
MongoDB,covers,MongoDB,F
superset,compiles to,plain JavaScript,F
This tag,is not used for,general JavaScript questions,F
superset,compiles to,plain JavaScript,F
open source software,released under,the PostgreSQL License,F
Numerous forks,exist for,specialized tasks,F
features,differ from,PostgreSQL,F
syntax,differ from,PostgreSQL,F
compatible shell,incorporates,useful features,F
compatible shell,incorporates,useful features,F
sh scripts,can be run by,addition,F
sh scripts,can be run by,modification,F
Linux installations,should be using,using something,F
macOS,uses,version,F
macOS,uses,licensing issues,F
macOS,uses,default,F
an answerer,assume,an explicit version,F
Questions tagged osx,imply,version,F
line characters,Use,v yourfile,F
line characters,Use,echo,F
future readers,can benefit from,question,F
DOS carriage returns,will show,M,F
DOS carriage returns,will show,each line,F
The bash tag,should be reserved for,problems,F
the error,is automatically caught by,shellcheck,F
Some fundamentals,are surprising even to,veterans,F
Bash questions,are not really specific to,Bash,F
The Stack Overflow bash chat,is useful for coordinating,coordinating work,F
portion,is still often referred to,that way,F
this tag,be used for,questions,F
this tag,be confused with,vb6,F
this tag,be confused with,vba,F
this tag,be confused with,vbscript,F
those languages,share,a similar syntax,F
the following versions,have been released,date,F
NET,is supported in,a wide range,F
general programming questions,happen to involve,a Git repository,F
Oracle,provides,a free version,F
posting questions,include,version,F
posting questions,include,Oracle edition,F
the ability,perform,work,F
the ability,perform,questions regarding multi-threading,F
the ability,perform,multiple concurrent streams,F
a processor,can create,this model,F
multiple threads,will be executed in,parallel,F
a unique heap,shared by,memory,F
the diminishing amount,can be achieved by,numbers,F
the overall aim,is to minimize,the amount,F
the overall aim,is to minimize,any concurrent system,F
This tag,be used for,questions,F
Eclipse IDE,used for,the use,F
framework,is used for managing,ins,F
framework,is used for managing,runtime,F
the IDE,form,general Rich Client Platform,F
the Eclipse CDT Project,supplies,Java web applications,F
PyDev,provides,PyDev,F
Eclipse IDE,provides,a crucial part,F
version,Download,site,F
version,Download,the Eclipse Platform project,F
The list tag,may refer to,list,F
every programming language,provides,support,F
inductive properties,lend,every programming language,F
every programming language,are particularly common in,functional languages,F
inductive properties,lend,recursive abstractions,F
The flexibility,is somewhat offset by,O,F
dynamic arrays,support,O,F
The AWS tag,be used with,other tags,F
Software,provided by,Amazon,F
Software,provided by,centers,F
a subsidiary,provides on,demand cloud computing platforms,F
a subsidiary,provides on,APIs,F
a subsidiary,provides on,individuals,F
a subsidiary,provides on,companies,F
a subsidiary,provides on,governments,F
numerous features,work across,the web,F
numerous features,work across,Android,F
numerous features,work across,iOS,F
a sequence,defines,an abstract solution,F
a sequence,defines,a problem,F
issue,is related to,algorithm design,F
An algorithm,can solve,a class,F
An algorithm,can be expressed in,many ways,F
class,be solved by,algorithms,F
Algorithm performance,is often rated with,???? notation,F
A key algorithm classification,provide,a correct result,F
question,relates to using,specific behavior,F
question,relates to using,using macOS APIs,F
A form,contains,elements,F
inputs,may include,inputs,F
inputs,may include,text fields,F
inputs,may include,checkboxes,F
inputs,may include,buttons,F
outputs,may include,inputs,F
outputs,may include,text fields,F
outputs,may include,checkboxes,F
outputs,may include,buttons,F
the method,used to make,the request,F
HTML Forms,are required to collect,different kinds,F
Forms,contain,special elements,F
Forms,submit,buttons,F
Users,complete,a form,F
The image tag,be used for,assistance,F
Questions,should include,the tags,F
the question,relates to,format conversion,F
Images,are typically rendered as,the case,F
tags,classify,the type,F
A community list,is available at,Scala,F
General server help,can be obtained at,Server Fault,F
web applications,run,data,F
services,run,data,F
web applications,run,Microsoft data centres,F
services,run,Microsoft data centres,F
Microsoft Azure,can be used to build,web applications,F
Microsoft Azure,can be used to build,services,F
Microsoft Azure,can connect on,premises applications,F
Microsoft Azure,can connect on,map,F
Microsoft Azure,offers,several services,F
Spring Boot,takes,an opinionated view,F
Spring Boot,makes,Spring Boot,F
Spring Boot,consists of,modules,F
stopping Spring Boot created applications,created,stopping Spring Boot created applications,F
stopping Spring Boot created applications,created,stopping Spring Boot created applications,F
some functionality,can be used on,A command line interface,F
stopping Spring Boot created applications,provides,some functionality,F
Module,autoconfigure,a wide range,F
Module,autoconfigure,a wide range,F
Module,autoconfigure,a wide range,F
This project,will enable,certain enterprise features,F
This project,will enable,application,F
the auto configure module,uses,autodetection,F
the auto configure module,detect,certain frameworks,F
Different quickstart projects,include as,a dependency,F
Different quickstart projects,will have,dependencies,F
The maven,build,tool,F
gradle,build,tool,F
the actual version numbers,are sometimes confused with,the last two digits,F
these version numbers,are shown as,V-nn.x,F
edition,fits,needs,F
major differences,can be seen at,a glance,F
the code,was written in,Visual Studio,F
Bootstrap,includes,other things,F
Bootstrap,is tested,the major modern browsers,F
the default download package,contains,CSS files,F
v3.1.0,was licensed under,the Apache 2 License,F
an open source framework,uses,the same design,F
an open source framework,uses,React,F
typescript,is often used to bring,clarity,F
The idea,be captured by,the slogan,F
all changes,are sent through,an API,F
all changes,are sent through,the native portion,F
the app,wait for,unfinished JavaScript operations,F
Questions,may find,responses,F
The docker tag,is often paired with,other tags,F
a set,allow,developers,F
The term docker,refers to,a set,F
a set,build,containers,F
Docker,run,processes,F
The default execution driver,'s mainly written in,Go,F
The default execution driver,can be found on,release 0.9 source,F
The default execution driver,can be found on,Github,F
code,can be found on,release 0.9 source,F
code,can be found on,Github,F
stable version,is given by,the following badge,F
the following badge,links to,the corresponding release notes,F
November 2019 Docker Inc. sold Docker Inc. enterprise business,sold,November 2019 Docker Inc. sold Docker Inc. enterprise business,F
November 2019 Docker Inc. sold Docker Inc. enterprise business,sold,software,F
November 2019 Docker Inc. sold Docker Inc. enterprise business,sold,November 2019 Docker Inc. sold Docker Inc. enterprise business,F
November 2019 Docker Inc. sold Docker Inc. enterprise business,sold,Mirantis,F
Python,maintained since,January 1st,F
the question,concerns,an issue,F
life date,was set as,the 1st,F
life date,see,PEP,F
All new projects,target,Python,F
program,performs,a specific task,F
program,is relatively independent of,the remaining code,F
A subroutine,expects to obtain,data values,F
A subroutine,return,value,F
A subroutine,return,parameters,F
A subroutine,provide,various result values,F
A subroutine,return,A subroutine caller,F
a common use,is to implement,mathematical functions,F
the purpose,compute,results,F
values,are entirely determined by,the parameters,F
a common use,compute,results,F
Examples,might include computing,the logarithm,F
Examples,might include computing,the determinant,F
a subroutine call,have,side effects,F
A subprogram,may return,different results,F
A subprogram,is called,each time,F
A subprogram,is called with,the same arguments,F
A subroutine,may call,A subroutine,F
A subroutine,may call,places,F
direct implementation,defined by,mathematical induction,F
